word	cards	why unmarked
договори	work/contract	variant stress до́говори / договори́ (goroh marks both as standard)
договір	work/contract, work/read-the-contract-carefully	variant stress до́говір / догові́р (goroh marks both as standard)
дівчина	people/my-girlfriend	variant stress ді́вчина / дівчи́на (goroh marks both as standard)
завжди	degree/always, degree/i-am-always-there	variant stress за́вжди / завжди́ (goroh marks both as standard)
закінчив	connectors/finally-done	variant stress закі́нчив / закінчи́в (goroh marks both as standard)
закінчила	connectors/finally-done, studies/she-completed-her-training-in-2015	variant stress закі́нчила / закінчи́ла (goroh marks both as standard)
закінчилася	school/the-break-is-over	variant stress закі́нчилася / закінчи́лася (goroh marks both as standard)
закінчити	studies/to-finish-training	variant stress закі́нчити / закінчи́ти (goroh marks both as standard)
кладовище	life-death/cemetery	dictionary (uk.wiktionary) marks both кла́довище and кладови́ще as acceptable stress
помилка	school/mistake	goroh/uk.wiktionary mark по́ми́лка with two accents = standard doublet (по́милка/поми́лка)
роки	time/year	goroh marks ро́ки́ with two accents = standard doublet
років	personal-details/how-old-are-you	goroh marks ро́кі́в with two accents = standard doublet
сміття	kitchen/to-take-out-trash	goroh raw shows смі́ття́ with two accents = standard doublet
старіти	life-death/to-get-old	goroh raw shows ста́рі́ти with two accents = standard doublet
також	connectors/also	goroh transcription page lists both та́кож and тако́ж as standard
черзі	admin/ticket-number	goroh+wiktionary show dual paradigm: dative/locative both ЧЕ́РЗІ and ЧЕРЗІ́ attested
самоса	food/samosa	no dictionary entry found (goroh/wiktionary/slovnyk have no attested stress for this loanword)
серфити	water/to-surf	no dictionary entry found (goroh/slovnyk.ua have no entry for the verb серфити, only the noun серфінг)
угалі	food/ugali	no dictionary entry found; Swahili loanword not yet in Ukrainian dictionaries
імейл	desk/email	no dictionary entry with stress found (goroh table has no accent marks, no uk.wiktionary page, SUM-20 not confirmed accessible)
північ	directions/north, time/midnight	both marked пі́вніч: the orthoepic dictionary, СУМ and the uk and en Wiktionaries give one stress for both senses, against the expectation that north is півні́ч
