date	lang	word	speaker	source	sha256	verdict	defect	note	snr	context
2026-09-23	de	es	joni	De-es.ogg	f72fb4d34b2dbe7623b6b64908869e3d24a39b4a69978ba03ae84d91b7a4d381	okay		did not sound noisy at all	47.8	rejected German pronouns
2026-09-23	de	sie	joni	De-sie.ogg	cad93e12f80606b34232ea836b8836c513e63daec9d0ee07efd80e02d679879b	okay		did not sound noisy at all	46.3	rejected German pronouns
2026-09-23	de	Hand	Kampy	De-Hand.ogg	1fc838c998642a696dc2e4a19946f61dcadd59ceb6d144521377f206d5571e6e	okay	noisy	slightly more noisy than the pronouns	52.8	reference beside the pronouns
2026-09-23	sw	nyama	Lucyin	Sw-nyama.oga	7a461593ff5d210f0baa7c59427356165d4b1768310c9441fb4a9a7b1b02f643	bad	noisy		38.1	lowest scorers the September consolidation replaced
2026-09-23	es	amigo	Alejandra	LL-Q1321 (spa)-Alejandra (LinguaLibreBooth)-amigo.wav	774aaabc403b76dc8f1f081269131ac7c4d1b28ff1430083dc2527674a6537e1	bad	noisy		39.2	lowest scorers the September consolidation replaced
2026-09-23	es	ahora	Alejandra	LL-Q1321 (spa)-Alejandra (LinguaLibreBooth)-ahora.wav	f8910885445f4208ffd16fa324b873abd02c6ee01d3b193844e5331eb80f5111	bad	noisy		39.0	lowest scorers the September consolidation replaced
2026-09-23	de	Taxi	Pill	De-Taxi.ogg	4c9ede0bfa93a94a70b92b2de4d88fd8f0d2af88843cbda3dfe74d12b1649e8c	okay	accented	slightly accented but fine	59.1	lowest scorers the September consolidation replaced
2026-09-23	de	passagier	Holunder Gabriel	De-Passagier.ogg	b4e5395745fd39accab2df91de7190949972b0ba00bcdf5a44f2f86b447431f4	great		sounds perfect, like a professional language-course recording	58.8	lowest scorers the September consolidation replaced
2026-09-23	de	lang	Bleibein	De-lang.ogg	2e6bfe2be9de0061779634fd84275a767360af9c4b93f1442b416ff5e5d84615	good	quiet	very clean, just a bit quiet	39.6	noise threshold boundary
2026-09-23	de	aggressiv	Oceancetaceen Alice Chodura	De-aggressiv.ogg	1ee5a6a67a08763ac29db147f8ab71f0c1e50482722bb17565f7492d1528bd11	good		quite good	39.7	noise threshold boundary
2026-09-23	es	amor	unjourparfait	Es-amor.ogg	7ec910fd2ebdaaf117e11fa63f8bc37e46ba51039dd4226744d71e450632fc96	good		nice	43.5	noise threshold boundary
2026-09-23	de	karotte	Holunder Gabriel	De-Karotte.ogg	1e2708a74ddd55fda6fdb75014aa8fdf7b304e09a84a39209083dd770ff9e529	great		professional, the same speaker as Passagier	42.9	noise threshold boundary
2026-09-23	de	büro	Kampy	De-Büro.ogg	4682f3cf63e0d7dee83dd684f0f00c2594b63d1a87cb342eed8f8cd5e558db2f	okay	noisy	"slightly noisy, maybe better than nothing (inferred: ""the higher ones"")"	44.3	noise threshold boundary
2026-09-23	de	lippe	Kampy	De-Lippe.ogg	97c400a7f95d12ef14ed30bb15ae96f6847d41f36de6939fbb17a77d7d698dce	okay	noisy	"slightly noisy, maybe better than nothing (inferred: ""the higher ones"")"	44.5	noise threshold boundary
2026-09-23	es	esperar	Octavio Paniagua-Taboada (Mexico)	Es-esperar.ogg	ab080a523dba5d3705791207a8b7518cc122d72f9e1d3e3ad58865664127badd	okay	noisy	"slightly noisy, maybe better than nothing (inferred: ""the higher ones"")"	45.7	noise threshold boundary
2026-09-26	de	schieben	Wikimedia Commons user Jakob.scholbach	De-schieben.ogg	eaac218c873f8a9569762daea8cdb94e98edde09a8298f9d4ea2d0e838e74bcf	bad	noisy	very noisy	51.7	German takes replaced by Jeuwre
2026-09-26	de	hinlegen	Wikimedia Commons user Jakob.scholbach	De-hinlegen.ogg	c7c45d49456d9a3c8e404288a4e68f9962a6858c11421b64c3e4bcfb72f5615e	bad	noisy	very noisy	45.7	German takes replaced by Jeuwre
2026-09-26	de	verwirren	Kampy	De-verwirren.ogg	126b4d331e0229a3dfc200e5bf8fb87a058be814c7dfc05740d9366f7ccb3a68	mediocre	breathy	a bit breathy	43.6	German takes replaced by Jeuwre
2026-09-26	de	wie	Kampy	De-wie.ogg	200efd35b6b0e28f8bc815ad88c83687df4b351af83620da542b62d14db719df	mediocre	breathy	a bit breathy	73.0	German takes replaced by Jeuwre
2026-09-26	de	knochen	Kampy	De-Knochen.ogg	6d4452634ffc770ecbd66c9d0c8e875fa8cd153ce5e50904bbcb99a9f466d857	mediocre	breathy	a bit breathy	65.3	German takes replaced by Jeuwre
2026-09-27	de	auto	Jeuwre	De-Auto1.ogg	f782dff79e2fa343d7a9155637461bf173f637e387f2fb4c5b894173d9bc8acd	bad			57.9	two worst-scoring takes of each preliminary vetted voice
2026-09-27	eo	aliĝi	Lepticed7	LL-Q143 (epo)-Lepticed7-aliĝi.wav	428afcfd55c3f214db98c96097471b5ae20e9bb8861bf8d2fedffe8b4a06f79b	bad			49.1	two worst-scoring takes of each preliminary vetted voice
2026-09-27	fr	douche	Vion Nicolas	Fr-douche.ogg	0dcb1639884e0f964346abb7624872de3732f7f924b546eb89f1dd5884ba2b25	bad			55.7	two worst-scoring takes of each preliminary vetted voice
2026-09-27	fr	toujours	Vion Nicolas	Fr-toujours.ogg	86b80e43e7315dc4cad586a40adca545e193dfa293ac7353a3b47c994f81fcd0	bad			56.6	two worst-scoring takes of each preliminary vetted voice
2026-09-27	it	sempre	XANA000	LL-Q652 (ita)-XANA000-sempre.wav	eb21f754c712aca7555771d13c2d771b16884377ed14b168f2a089a87f59b90e	bad			49.3	two worst-scoring takes of each preliminary vetted voice
2026-09-27	it	difficile	XANA000	LL-Q652 (ita)-XANA000-difficile.wav	e7e591534a46d86803217c92e1722c0fc707c250c3a97e24aca12a9e2add11c7	bad			50.3	two worst-scoring takes of each preliminary vetted voice
2026-09-27	de	karotte	Holunder Gabriel	De-Karotte.ogg	1e2708a74ddd55fda6fdb75014aa8fdf7b304e09a84a39209083dd770ff9e529	great		gold standard among the vetted voices	42.9	two worst-scoring takes of each preliminary vetted voice
2026-09-27	de	Mosambik	Holunder Gabriel	De-Mosambik.ogg	211ea8ac0d369d7e670d34e3a1aa857ce8aa14cabc65d939c44cb2748bf07cf4	great		gold standard among the vetted voices	53.9	two worst-scoring takes of each preliminary vetted voice
2026-09-27	de	der Schmerz	Natschoba	LL-Q188 (deu)-Natschoba-der Schmerz.wav	da52a5cd6ee2239a2455b8dd808abbb8b13def67b4a0591bc127058acdafe7bf	okay			61.1	two worst-scoring takes of each preliminary vetted voice
2026-09-27	eo	inviti	Lepticed7	LL-Q143 (epo)-Lepticed7-inviti.wav	2e1105ee74c5ddb344782a49c2071b366fc31533c46997e85cec3e3c8d194219	okay			52.6	two worst-scoring takes of each preliminary vetted voice
2026-09-27	eo	naĝi	Poslovitch	LL-Q143 (epo)-Poslovitch-naĝi.wav	b5478801d4323c7c4316133017851c54efaf51a1a060d1d5407947e46431678f	okay			59.3	two worst-scoring takes of each preliminary vetted voice
2026-09-27	eo	sidi	Poslovitch	LL-Q143 (epo)-Poslovitch-sidi.wav	50c768fe7507f7a0129d8c5d0f522fafee773c8d9a184cd577aa17f365a79a46	okay			60.0	two worst-scoring takes of each preliminary vetted voice
2026-09-27	es	empezar	AdrianAbdulBaha	LL-Q1321 (spa)-AdrianAbdulBaha-empezar.wav	82e54d3b62ae0a3bc0d2fdf7a9a7b13cbb7e5616e760984513bcb9047c1cd7a8	okay			50.0	two worst-scoring takes of each preliminary vetted voice
2026-09-27	es	normalmente	AdrianAbdulBaha	LL-Q1321 (spa)-AdrianAbdulBaha-normalmente.wav	6214fa182aa86e70408530123a03fdd104977aaf26900bcfd1a1d7ba6ba76563	okay			52.5	two worst-scoring takes of each preliminary vetted voice
2026-09-27	es	doler	Marreromarco	LL-Q1321 (spa)-Marreromarco-doler.wav	7afe357b400eb9b2e87f61c7437411186eca2f0d46a646de673fe74a682c9888	okay			48.3	two worst-scoring takes of each preliminary vetted voice
2026-09-27	es	litro	Marreromarco	LL-Q1321 (spa)-Marreromarco-litro.wav	44e038084ecf321466616480e4f6dac9e5971d68a2cf83c4464a7f5fe16854c0	okay			49.6	two worst-scoring takes of each preliminary vetted voice
2026-09-27	es	Ghana	Rodelar	LL-Q1321 (spa)-Rodelar-Ghana.wav	cb0f4d272d02ec09accef85cefb4066bb6debb42dc420408ff7fb8b5db185d9f	okay			76.4	two worst-scoring takes of each preliminary vetted voice
2026-09-27	es	sol	Rodelar	LL-Q1321 (spa)-Rodelar-sol.wav	4ebc48fb957d7f5ff8b5af91660214103117c0c926d3a151743080468c8e8ccd	okay			87.8	two worst-scoring takes of each preliminary vetted voice
2026-09-27	fr	ombre	Poslovitch	LL-Q150 (fra)-Poslovitch-ombre.wav	fd88e2c36a9adbe95842786eef01621294daa1f26a8537f4bb5de223b565bf31	okay			51.0	two worst-scoring takes of each preliminary vetted voice
2026-09-27	fr	tous	Poslovitch	LL-Q150 (fra)-Poslovitch-tous.wav	c9d512c267f951e2b7370b4ca8e958b84a71c1948906b8ca9363d23cd3a7b286	okay			51.4	two worst-scoring takes of each preliminary vetted voice
2026-09-27	de	hausaufgabe	Jeuwre	De-Hausaufgabe.ogg	f427b0c924454bac4f2caa069c92542b0c1e1a423293023d3e1a06635a936870	mediocre			66.0	two worst-scoring takes of each preliminary vetted voice
2026-09-27	de	das Gesicht	Natschoba	LL-Q188 (deu)-Natschoba-das Gesicht.wav	39dcc578b2bbd8a60e024adcd3bc3098d5bc236f83b940feb071b2ccca5990f2	mediocre			60.8	two worst-scoring takes of each preliminary vetted voice
2026-09-27	it	volume	LangPao	LL-Q652 (ita)-LangPao-volume.wav	ebdfe4ce90b9e5210f3f02e1be9176e7653105441d11a669be088eb0f243fadf	mediocre			43.7	two worst-scoring takes of each preliminary vetted voice
2026-09-27	it	silenzioso	LangPao	LL-Q652 (ita)-LangPao-silenzioso.wav	6635435f5b4716e297e2ee82eed000260f9df363acc40ae8e4251fffef112670	mediocre			53.4	two worst-scoring takes of each preliminary vetted voice
2026-09-27	uk	зустрічатися	Галя Раптова, Nicolas Vion	Uk-зустрічатися.ogg	9141a904c9d44085f208171e10dbebede0db059715cad1b8e07ff76cac28d79e	mediocre			46.8	two worst-scoring takes of each preliminary vetted voice
2026-09-27	uk	весілля	Галя Раптова, Nicolas Vion	Uk-весілля.ogg	dcd24ca4b513f0febb529e3e351603826d9900d947367b31ef23ccee120b1ad9	mediocre			47.1	two worst-scoring takes of each preliminary vetted voice
2026-09-27	sw	damu	Waithera Were	Sw-ke-damu.flac	0fcbf8218c6101ae03fae2bb42246799a816d2fa17152fec45c06ed730dd4ed4	okay			49.4	two worst-scoring takes of each preliminary vetted voice
2026-09-27	sw	jina	Waithera Were	Sw-ke-jina.flac	bc41ffbf9c8655a9d914cfecc9e8f3d784b241f794ea5439f61b1276b40a75c2	okay			49.6	two worst-scoring takes of each preliminary vetted voice
2026-09-27	uk	Хорватія	Tohaomg	LL-Q8798 (ukr)-Tohaomg-Хорватія.wav	94c385e87c62cf898dc0cc0fb5b5f58ed15ad41dc4e9b46ac05e0a56b78c68fb	okay			76.7	two worst-scoring takes of each preliminary vetted voice
2026-09-27	uk	Бельгія	Tohaomg	LL-Q8798 (ukr)-Tohaomg-Бельгія.wav	3afce4090e5123bef56051b73df02fdea1e1884f34bb2f49dcec351cbe8dfcf1	okay			77.4	two worst-scoring takes of each preliminary vetted voice
2026-09-28	de	passieren	Wikimedia Commons user Jakob.scholbach	De-passieren.ogg	4963a8fb02978f93b319288962cea1cadc9af5171457da2e036e4a1d25a199ab	bad	echoey, noisy	horribly echoy and noisy	47.8	heard in the app
2026-09-28	de	Belgien	MiER	De-Belgien.ogg	e1778aff4b1586e338d1944c511e8fea5289c2417fdcc392a28b3ec1bb45534d	mediocre	noisy	voice-level: MiER's recordings are all a bit noisy	46.2	heard in the app
2026-09-28	de	Bulgarien	MiER	De-Bulgarien.ogg	cf05aa8e922efb0f942a51a57d8b82e2e1641597e163ec7ec267243fbaec5369	mediocre	noisy	voice-level: MiER's recordings are all a bit noisy	50.8	heard in the app
2026-09-28	de	Dänemark	MiER	De-Dänemark.ogg	a90501d9c19a7d80552d4910b90ff989bc0ed746d537aec585d4433b9731ed21	mediocre	noisy	voice-level: MiER's recordings are all a bit noisy	48.5	heard in the app
2026-09-28	de	Italien	MiER	De-Italien.ogg	febe6c28bf804da197b2c2179dbe42f358ba303389f02ca7d9dc047a98d12ed2	mediocre	noisy	voice-level: MiER's recordings are all a bit noisy	50.8	heard in the app
2026-09-28	de	Kanada	MiER	De-Kanada.ogg	ce5cfb4ee06e5a89089ec062b244385344ffbd979bf6f8e32c6d1fb576938b36	mediocre	noisy	voice-level: MiER's recordings are all a bit noisy	48.0	heard in the app
2026-09-28	de	Spanier	MiER	De-Spanier.ogg	e5bee23f1f039b46fc78b830bb8166ebfd0d82e4895d6cb7754968180dbe7bf5	mediocre	noisy	voice-level: MiER's recordings are all a bit noisy	49.7	heard in the app
2026-09-28	de	Ägypten	MiER	De-Ägypten.ogg	134e095efc9b609d00f465a52d454800fa6ab6b24f4b0e0fd427356c8829a149	mediocre	noisy	voice-level: MiER's recordings are all a bit noisy	53.5	heard in the app
2026-09-28	de	lärm	Holunder Gabriel	De-Lärm.ogg	fac42f51f94092595600c87f796ab3003955e6889461a5268da957ee5be93718	great		all of Holunder Gabriel's shipped takes are very clear	47.4	voice comparison: Holunder Gabriel against Natschoba
2026-09-28	de	Mosambik	Holunder Gabriel	De-Mosambik.ogg	211ea8ac0d369d7e670d34e3a1aa857ce8aa14cabc65d939c44cb2748bf07cf4	great		all of Holunder Gabriel's shipped takes are very clear	53.9	voice comparison: Holunder Gabriel against Natschoba
2026-09-28	de	das Gesicht	Natschoba	LL-Q188 (deu)-Natschoba-das Gesicht.wav	39dcc578b2bbd8a60e024adcd3bc3098d5bc236f83b940feb071b2ccca5990f2	okay		"decent, slightly worse than her other takes (revises ""mediocre"" of 2026-09-27)"	60.8	voice comparison: Holunder Gabriel against Natschoba
2026-09-28	de	der Arzt	Natschoba	LL-Q188 (deu)-Natschoba-der Arzt.wav	1a8fc5059342882560dae7361e393026ebb83e85cec12bfcb8a34e58dc94d37e	mediocre		one of Natschoba's worst; her takes are decent across the board, less pristine than Holunder Gabriel's		voice comparison: Holunder Gabriel against Natschoba
2026-09-28	fr	court	Vion Nicolas	Fr-court.ogg	487cfed7d0c06adf9c4720c61a65274f9c75ea96de5e0c1b97e249a693a241f3	okay	noisy	slightly noisy but still decent; Vion Nicolas mostly sounds very fine	60.4	heard in the app
2026-09-28	fr	couverture	Vion Nicolas	Fr-couverture.ogg	e5cd21d4c4fa412b9c2d4e62e599169326edfd1e1ba53087146afaaabbe43af2	okay	noisy	"slightly noisy but still decent; says ""une couverture"""	63.8	heard in the app
2026-09-28	fr	crème	Vion Nicolas	Fr-crème.ogg	9a7c8e9f58cf4e7fcccf31aed1f6ed173b2431390528b31b70ed63a739f0475f	bad	extra words	"says ""de la crème"" for a card showing ""crème"""	63.2	heard in the app
